"Name","ProcessID","Path","commandline","Owner","CreationDate","ThreadCount","HandleCount","VirtualSize","Priority","PriorityClass","Security ID","TotalProcessorTime","Parent Path","ParentProcessId","Company","ProductVersion","Description","Product","FileVersion","File Path SHA-256"
"System Idle Process","0",,,,"20221012031054.335090+000","4","0","8192","0",,,,,"0",,,,,,
"System","4",,,,"20221012031054.335090+000","182","3333","4001792","8",,,"00:23:00.4687500",,"0",,,,,,
"Registry","100",,,,"20221012031052.589983+000","4","0","87404544","8",,"S-1-5-18","00:00:04.4843750",,"4",,,,,,
"smss.exe","448",,,,"20221012031054.381861+000","2","56","2203359739904","11",,"S-1-5-18","00:00:00.1250000",,"4",,,,,,
"csrss.exe","576",,,,"20221012031103.145216+000","10","635","2203412922368","13",,"S-1-5-18","00:00:08.4218750",,"564",,,,,,
"wininit.exe","652",,,,"20221012031103.211592+000","3","169","2203388755968","13",,"S-1-5-18","00:00:16.3281250",,"564",,,,,,
"csrss.exe","660",,,,"20221012031103.216661+000","10","171","2203403284480","13",,"S-1-5-18","00:00:00.4218750",,"644",,,,,,
"winlogon.exe","724","C:\Windows\system32\winlogon.exe","winlogon.exe","NT AUTHORITY\SYSTEM","20221012031103.236174+000","3","229","2203419332608","13","High","S-1-5-18","00:00:00.0937500",,"644","Microsoft Corporation","10.0.19041.1151","Windows Logon Application","Microsoft? Windows? Operating System","10.0.19041.1151 (WinBuild.160101.0800)","5D4D7C29121F22EF85F442DF30C6046212DE15958C1AA2649E2C0A4FA40DCE41"
"services.exe","796",,,,"20221012031103.270826+000","8","686","2203385929728","9",,"S-1-5-18","00:04:35.9218750",,"652",,,,,,
"lsass.exe","816","C:\Windows\system32\lsass.exe","C:\Windows\system32\lsass.exe","NT AUTHORITY\SYSTEM","20221012031103.297510+000","10","23988","2203429756928","9","Normal","S-1-5-18","00:12:20.9687500",,"652","Microsoft Corporation","10.0.19041.2130","Local Security Authority Process","Microsoft? Windows? Operating System","10.0.19041.2130 (WinBuild.160101.0800)","0777FD312394AE1AFEED0AD48AE2D7B5ED6E577117A4F40305EAEB4129233650"
"svchost.exe","932","C:\Windows\system32\svchost.exe","C:\Windows\system32\svchost.exe -k DcomLaunch -p","NT AUTHORITY\SYSTEM","20221012031103.483649+000","18","1520","2203475374080","8","Normal","S-1-5-18","00:00:19.6093750",,"796","Microsoft Corporation","10.0.19041.1","Host Process for Windows Services","Microsoft? Windows? Operating System","10.0.19041.1 (WinBuild.160101.0800)","ADD683A6910ABBBF0E28B557FAD0BA998166394932AE2ACA069D9AA19EA8FE88"
"fontdrvhost.exe","960","C:\Windows\system32\fontdrvhost.exe","""fontdrvhost.exe""","Font Driver Host\UMFD-1","20221012031103.498561+000","5","36","2203387248640","8","Normal","S-1-5-96-0-1","00:00:00.4843750","C:\Windows\system32\winlogon.exe","724","Microsoft Corporation","10.0.19041.2075","Usermode Font Driver Host","Microsoft? Windows? Operating System","10.0.19041.2075 (WinBuild.160101.0800)","A361C525E9B5ABF9CC705DF2397C9B4BAB5A698B7602540395A3E8557DF4195C"
"fontdrvhost.exe","968","C:\Windows\system32\fontdrvhost.exe","""fontdrvhost.exe""","Font Driver Host\UMFD-0","20221012031103.498577+000","5","36","2203387711488","8","Normal","S-1-5-96-0-0","00:00:00.6718750",,"652","Microsoft Corporation","10.0.19041.2075","Usermode Font Driver Host","Microsoft? Windows? Operating System","10.0.19041.2075 (WinBuild.160101.0800)","A361C525E9B5ABF9CC705DF2397C9B4BAB5A698B7602540395A3E8557DF4195C"
"svchost.exe","532","C:\Windows\system32\svchost.exe","C:\Windows\system32\svchost.exe -k RPCSS -p","NT AUTHORITY\NETWORK SERVICE","20221012031103.662958+000","14","1542","2203424948224","8","Normal","S-1-5-20","00:01:59.4843750",,"796","Microsoft Corporation","10.0.19041.1","Host Process for Windows Services","Microsoft? Windows? Operating System","10.0.19041.1 (WinBuild.160101.0800)","ADD683A6910ABBBF0E28B557FAD0BA998166394932AE2ACA069D9AA19EA8FE88"
"svchost.exe","664","C:\Windows\system32\svchost.exe","C:\Windows\system32\svchost.exe -k DcomLaunch -p -s LSM","NT AUTHORITY\SYSTEM","20221012031103.688582+000","6","359","2203400216576","8","Normal","S-1-5-18","00:00:25.0312500",,"796","Microsoft Corporation","10.0.19041.1","Host Process for Windows Services","Microsoft? Windows? Operating System","10.0.19041.1 (WinBuild.160101.0800)","ADD683A6910ABBBF0E28B557FAD0BA998166394932AE2ACA069D9AA19EA8FE88"
"LogonUI.exe","1040","C:\Windows\system32\LogonUI.exe","""LogonUI.exe"" /flags:0x2 /state0:0xa3b96855 /state1:0x41c64e6d","NT AUTHORITY\SYSTEM","20221012031103.784766+000","15","617","2203637551104","13","High","S-1-5-18","00:00:00.7656250","C:\Windows\system32\winlogon.exe","724","Microsoft Corporation","10.0.19041.1","Windows Logon User Interface Host","Microsoft? Windows? Operating System","10.0.19041.1 (WinBuild.160101.0800)","CF01E46C146699F6C0E3DD447043F59BC9438DBBCB9563AF6C60EBC6D82727F2"
"dwm.exe","1048","C:\Windows\system32\dwm.exe","""dwm.exe""","Window Manager\DWM-1","20221012031103.785729+000","17","688","2203537473536","13","High","S-1-5-90-0-1","00:00:00.2500000","C:\Windows\system32\winlogon.exe","724","Microsoft Corporation","10.0.19041.1","Desktop Window Manager","Microsoft? Windows? Operating System","10.0.19041.1 (WinBuild.160101.0800)","0AC827C9E35CDAA492DDD435079415805DCC276352112B040BCD34EF122CF565"
"svchost.exe","1080","C:\Windows\System32\svchost.exe","C:\Windows\System32\svchost.exe -k NetworkService -s TermService","NT AUTHORITY\NETWORK SERVICE","20221012031103.833652+000","53","1077","2203861708800","8","Normal","S-1-5-20","00:53:17.5781250",,"796","Microsoft Corporation","10.0.19041.1","Host Process for Windows Services","Microsoft? Windows? Operating System","10.0.19041.1 (WinBuild.160101.0800)","ADD683A6910ABBBF0E28B557FAD0BA998166394932AE2ACA069D9AA19EA8FE88"
"svchost.exe","1108","C:\Windows\System32\svchost.exe","C:\Windows\System32\svchost.exe -k LocalServiceNetworkRestricted -p -s lmhosts","NT AUTHORITY\LOCAL SERVICE","20221012031103.845172+000","4","112","2203386937344","8","Normal","S-1-5-19","00:00:00.2187500",,"796","Microsoft Corporation","10.0.19041.1","Host Process for Windows Services","Microsoft? Windows? Operating System","10.0.19041.1 (WinBuild.160101.0800)","ADD683A6910ABBBF0E28B557FAD0BA998166394932AE2ACA069D9AA19EA8FE88"
"svchost.exe","1172","C:\Windows\system32\svchost.exe","C:\Windows\system32\svchost.exe -k LocalServiceNetworkRestricted -p -s TimeBrokerSvc","NT AUTHORITY\LOCAL SERVICE","20221012031103.874455+000","3","258","2203402612736","8","Normal","S-1-5-19","00:00:00.6406250",,"796","Microsoft Corporation","10.0.19041.1","Host Process for Windows Services","Microsoft? Windows? Operating System","10.0.19041.1 (WinBuild.160101.0800)","ADD683A6910ABBBF0E28B557FAD0BA998166394932AE2ACA069D9AA19EA8FE88"
"svchost.exe","1180","C:\Windows\System32\svchost.exe","C:\Windows\System32\svchost.exe -k LocalSystemNetworkRestricted -p -s NcbService","NT AUTHORITY\SYSTEM","20221012031103.874992+000","2","214","2203398651904","8","Normal","S-1-5-18","00:00:00.1093750",,"796","Microsoft Corporation","10.0.19041.1","Host Process for Windows Services","Microsoft? Windows? Operating System","10.0.19041.1 (WinBuild.160101.0800)","ADD683A6910ABBBF0E28B557FAD0BA998166394932AE2ACA069D9AA19EA8FE88"
"svchost.exe","1256","C:\Windows\System32\svchost.exe","C:\Windows\System32\svchost.exe -k LocalServiceNetworkRestricted -p -s EventLog","NT AUTHORITY\LOCAL SERVICE","20221012031103.911390+000","10","485","2203432247296","8","Normal","S-1-5-19","00:01:08.8593750",,"796","Microsoft Corporation","10.0.19041.1","Host Process for Windows Services","Microsoft? Windows? Operating System","10.0.19041.1 (WinBuild.160101.0800)","ADD683A6910ABBBF0E28B557FAD0BA998166394932AE2ACA069D9AA19EA8FE88"
"svchost.exe","1280","C:\Windows\system32\svchost.exe","C:\Windows\system32\svchost.exe -k ICService -p -s vmicheartbeat","NT AUTHORITY\SYSTEM","20221012031103.934604+000","6","146","2203392811008","8","Normal","S-1-5-18","00:01:35.0781250",,"796","Microsoft Corporation","10.0.19041.1","Host Process for Windows Services","Microsoft? Windows? Operating System","10.0.19041.1 (WinBuild.160101.0800)","ADD683A6910ABBBF0E28B557FAD0BA998166394932AE2ACA069D9AA19EA8FE88"
"svchost.exe","1296","C:\Windows\system32\svchost.exe","C:\Windows\system32\svchost.exe -k LocalSystemNetworkRestricted -p -s vmickvpexchange","NT AUTHORITY\SYSTEM","20221012031103.937694+000","4","132","2203389935616","8","Normal","S-1-5-18","00:00:36.2187500",,"796","Microsoft Corporation","10.0.19041.1","Host Process for Windows Services","Microsoft? Windows? Operating System","10.0.19041.1 (WinBuild.160101.0800)","ADD683A6910ABBBF0E28B557FAD0BA998166394932AE2ACA069D9AA19EA8FE88"
"svchost.exe","1316","C:\Windows\system32\svchost.exe","C:\Windows\system32\svchost.exe -k LocalSystemNetworkRestricted -p -s vmicshutdown","NT AUTHORITY\SYSTEM","20221012031103.941873+000","4","120","2203389927424","8","Normal","S-1-5-18","00:00:00.0468750",,"796","Microsoft Corporation","10.0.19041.1","Host Process for Windows Services","Microsoft? Windows? Operating System","10.0.19041.1 (WinBuild.160101.0800)","ADD683A6910ABBBF0E28B557FAD0BA998166394932AE2ACA069D9AA19EA8FE88"
"svchost.exe","1352","C:\Windows\system32\svchost.exe","C:\Windows\system32\svchost.exe -k LocalService -p -s nsi","NT AUTHORITY\LOCAL SERVICE","20221012031103.951153+000","4","149","2203391258624","8","Normal","S-1-5-19","00:00:01.1718750",,"796","Microsoft Corporation","10.0.19041.1","Host Process for Windows Services","Microsoft? Windows? Operating System","10.0.19041.1 (WinBuild.160101.0800)","ADD683A6910ABBBF0E28B557FAD0BA998166394932AE2ACA069D9AA19EA8FE88"
"svchost.exe","1360","C:\Windows\system32\svchost.exe","C:\Windows\system32\svchost.exe -k LocalServiceNetworkRestricted -p -s vmictimesync","NT AUTHORITY\LOCAL SERVICE","20221012031103.953358+000","4","124","2203389407232","8","Normal","S-1-5-19","00:00:07.8437500",,"796","Microsoft Corporation","10.0.19041.1","Host Process for Windows Services","Microsoft? Windows? Operating System","10.0.19041.1 (WinBuild.160101.0800)","ADD683A6910ABBBF0E28B557FAD0BA998166394932AE2ACA069D9AA19EA8FE88"
"svchost.exe","1552","C:\Windows\system32\svchost.exe","C:\Windows\system32\svchost.exe -k LocalServiceNetworkRestricted -p -s Dhcp","NT AUTHORITY\LOCAL SERVICE","20221012031104.024295+000","7","224","2203392720896","8","Normal","S-1-5-19","00:00:01.3750000",,"796","Microsoft Corporation","10.0.19041.1","Host Process for Windows Services","Microsoft? Windows? Operating System","10.0.19041.1 (WinBuild.160101.0800)","ADD683A6910ABBBF0E28B557FAD0BA998166394932AE2ACA069D9AA19EA8FE88"
"svchost.exe","1624","C:\Windows\System32\svchost.exe","C:\Windows\System32\svchost.exe -k LocalSystemNetworkRestricted -p -s UmRdpService","NT AUTHORITY\SYSTEM","20221012031105.941197+000","6","252","2203417350144","8","Normal","S-1-5-18","00:00:00.3281250",,"796","Microsoft Corporation","10.0.19041.1","Host Process for Windows Services","Microsoft? Windows? Operating System","10.0.19041.1 (WinBuild.160101.0800)","ADD683A6910ABBBF0E28B557FAD0BA998166394932AE2ACA069D9AA19EA8FE88"
"svchost.exe","1636","C:\Windows\system32\svchost.exe","C:\Windows\system32\svchost.exe -k netsvcs -p -s ProfSvc","NT AUTHORITY\SYSTEM","20221012031105.945000+000","3","246","2203433234432","8","Normal","S-1-5-18","00:00:00.5625000",,"796","Microsoft Corporation","10.0.19041.1","Host Process for Windows Services","Microsoft? Windows? Operating System","10.0.19041.1 (WinBuild.160101.0800)","ADD683A6910ABBBF0E28B557FAD0BA998166394932AE2ACA069D9AA19EA8FE88"
"svchost.exe","1644","C:\Windows\system32\svchost.exe","C:\Windows\system32\svchost.exe -k LocalService -p -s EventSystem","NT AUTHORITY\LOCAL SERVICE","20221012031105.946645+000","5","164","2203395919872","8","Normal","S-1-5-19","00:00:00.1875000",,"796","Microsoft Corporation","10.0.19041.1","Host Process for Windows Services","Microsoft? Windows? Operating System","10.0.19041.1 (WinBuild.160101.0800)","ADD683A6910ABBBF0E28B557FAD0BA998166394932AE2ACA069D9AA19EA8FE88"
"svchost.exe","1656","C:\Windows\system32\svchost.exe","C:\Windows\system32\svchost.exe -k LocalSystemNetworkRestricted -p -s SysMain","NT AUTHORITY\SYSTEM","20221012031105.948715+000","5","208","2207822344192","8","Normal","S-1-5-18","00:28:15.2031250",,"796","Microsoft Corporation","10.0.19041.1","Host Process for Windows Services","Microsoft? Windows? Operating System","10.0.19041.1 (WinBuild.160101.0800)","ADD683A6910ABBBF0E28B557FAD0BA998166394932AE2ACA069D9AA19EA8FE88"
"svchost.exe","1680","C:\Windows\System32\svchost.exe","C:\Windows\System32\svchost.exe -k netsvcs -p -s Themes","NT AUTHORITY\SYSTEM","20221012031105.952813+000","3","194","2203390013440","8","Normal","S-1-5-18","00:00:00.1718750",,"796","Microsoft Corporation","10.0.19041.1","Host Process for Windows Services","Microsoft? Windows? Operating System","10.0.19041.1 (WinBuild.160101.0800)","ADD683A6910ABBBF0E28B557FAD0BA998166394932AE2ACA069D9AA19EA8FE88"
"svchost.exe","1756","C:\Windows\system32\svchost.exe","C:\Windows\system32\svchost.exe -k netsvcs -p -s Schedule","NT AUTHORITY\SYSTEM","20221012031105.976282+000","11","406","2203426385920","8","Normal","S-1-5-18","00:00:23.7968750",,"796","Microsoft Corporation","10.0.19041.1","Host Process for Windows Services","Microsoft? Windows? Operating System","10.0.19041.1 (WinBuild.160101.0800)","ADD683A6910ABBBF0E28B557FAD0BA998166394932AE2ACA069D9AA19EA8FE88"
"Memory Compression","1784",,,,"20221012031105.985723+000","30","0","0","8",,"S-1-5-18","00:00:00.0156250",,"4",,,,,,
"svchost.exe","1904","C:\Windows\System32\svchost.exe","C:\Windows\System32\svchost.exe -k NetworkService -p -s NlaSvc","NT AUTHORITY\NETWORK SERVICE","20221012031106.017310+000","6","399","2203421843456","8","Normal","S-1-5-20","00:00:00.1718750",,"796","Microsoft Corporation","10.0.19041.1","Host Process for Windows Services","Microsoft? Windows? Operating System","10.0.19041.1 (WinBuild.160101.0800)","ADD683A6910ABBBF0E28B557FAD0BA998166394932AE2ACA069D9AA19EA8FE88"
"svchost.exe","2012","C:\Windows\system32\svchost.exe","C:\Windows\system32\svchost.exe -k netsvcs -p -s SENS","NT AUTHORITY\SYSTEM","20221012031106.054064+000","2","164","2203394560000","8","Normal","S-1-5-18","00:00:00.1562500",,"796","Microsoft Corporation","10.0.19041.1","Host Process for Windows Services","Microsoft? Windows? Operating System","10.0.19041.1 (WinBuild.160101.0800)","ADD683A6910ABBBF0E28B557FAD0BA998166394932AE2ACA069D9AA19EA8FE88"
"svchost.exe","1480","C:\Windows\system32\svchost.exe","C:\Windows\system32\svchost.exe -k netsvcs -s CertPropSvc","NT AUTHORITY\SYSTEM","20221012031106.110025+000","6","221","2203406295040","8","Normal","S-1-5-18","00:00:00.1406250",,"796","Microsoft Corporation","10.0.19041.1","Host Process for Windows Services","Microsoft? Windows? Operating System","10.0.19041.1 (WinBuild.160101.0800)","ADD683A6910ABBBF0E28B557FAD0BA998166394932AE2ACA069D9AA19EA8FE88"
"svchost.exe","1596","C:\Windows\System32\svchost.exe","C:\Windows\System32\svchost.exe -k LocalSystemNetworkRestricted -p -s AudioEndpointBuilder","NT AUTHORITY\SYSTEM","20221012031106.113856+000","3","156","2203396820992","8","Normal","S-1-5-18","00:00:00.1875000",,"796","Microsoft Corporation","10.0.19041.1","Host Process for Windows Services","Microsoft? Windows? Operating System","10.0.19041.1 (WinBuild.160101.0800)","ADD683A6910ABBBF0E28B557FAD0BA998166394932AE2ACA069D9AA19EA8FE88"
"svchost.exe","1868","C:\Windows\system32\svchost.exe","C:\Windows\system32\svchost.exe -k LocalService -p -s FontCache","NT AUTHORITY\LOCAL SERVICE","20221012031106.123859+000","8","181","2203433185280","8","Normal","S-1-5-19","00:00:00.2343750",,"796","Microsoft Corporation","10.0.19041.1","Host Process for Windows Services","Microsoft? Windows? Operating System","10.0.19041.1 (WinBuild.160101.0800)","ADD683A6910ABBBF0E28B557FAD0BA998166394932AE2ACA069D9AA19EA8FE88"
"svchost.exe","2124","C:\Windows\System32\svchost.exe","C:\Windows\System32\svchost.exe -k LocalService -p -s netprofm","NT AUTHORITY\LOCAL SERVICE","20221012031106.159744+000","8","387","2203397578752","8","Normal","S-1-5-19","00:00:03.1250000",,"796","Microsoft Corporation","10.0.19041.1","Host Process for Windows Services","Microsoft? Windows? Operating System","10.0.19041.1 (WinBuild.160101.0800)","ADD683A6910ABBBF0E28B557FAD0BA998166394932AE2ACA069D9AA19EA8FE88"
"svchost.exe","2188","C:\Windows\System32\svchost.exe","C:\Windows\System32\svchost.exe -k LocalServiceNetworkRestricted -p","NT AUTHORITY\LOCAL SERVICE","20221012031106.195593+000","10","321","2203417726976","8","Normal","S-1-5-19","00:00:00.8750000",,"796","Microsoft Corporation","10.0.19041.1","Host Process for Windows Services","Microsoft? Windows? Operating System","10.0.19041.1 (WinBuild.160101.0800)","ADD683A6910ABBBF0E28B557FAD0BA998166394932AE2ACA069D9AA19EA8FE88"
"svchost.exe","2204","C:\Windows\System32\svchost.exe","C:\Windows\System32\svchost.exe -k NetworkService -p -s LanmanWorkstation","NT AUTHORITY\NETWORK SERVICE","20221012031106.206475+000","6","190","2203400572928","8","Normal","S-1-5-20","00:00:00.6250000",,"796","Microsoft Corporation","10.0.19041.1","Host Process for Windows Services","Microsoft? Windows? Operating System","10.0.19041.1 (WinBuild.160101.0800)","ADD683A6910ABBBF0E28B557FAD0BA998166394932AE2ACA069D9AA19EA8FE88"
"svchost.exe","2348","C:\Windows\System32\svchost.exe","C:\Windows\System32\svchost.exe -k netsvcs -p -s SessionEnv","NT AUTHORITY\SYSTEM","20221012031106.253174+000","7","228","2203404673024","8","Normal","S-1-5-18","00:00:00.1093750",,"796","Microsoft Corporation","10.0.19041.1","Host Process for Windows Services","Microsoft? Windows? Operating System","10.0.19041.1 (WinBuild.160101.0800)","ADD683A6910ABBBF0E28B557FAD0BA998166394932AE2ACA069D9AA19EA8FE88"
"svchost.exe","2392","C:\Windows\system32\svchost.exe","C:\Windows\system32\svchost.exe -k netsvcs -p -s UserManager","NT AUTHORITY\SYSTEM","20221012031106.263750+000","8","274","2203401404416","8","Normal","S-1-5-18","00:00:01.1718750",,"796","Microsoft Corporation","10.0.19041.1","Host Process for Windows Services","Microsoft? Windows? Operating System","10.0.19041.1 (WinBuild.160101.0800)","ADD683A6910ABBBF0E28B557FAD0BA998166394932AE2ACA069D9AA19EA8FE88"
"svchost.exe","2456","C:\Windows\system32\svchost.exe","C:\Windows\system32\svchost.exe -k LocalServiceNetworkRestricted -p -s WinHttpAutoProxySvc","NT AUTHORITY\LOCAL SERVICE","20221012031106.320122+000","4","175","2203392921600","8","Normal","S-1-5-19","00:00:17.6093750",,"796","Microsoft Corporation","10.0.19041.1","Host Process for Windows Services","Microsoft? Windows? Operating System","10.0.19041.1 (WinBuild.160101.0800)","ADD683A6910ABBBF0E28B557FAD0BA998166394932AE2ACA069D9AA19EA8FE88"
"svchost.exe","2472","C:\Windows\system32\svchost.exe","C:\Windows\system32\svchost.exe -k NetworkService -p -s Dnscache","NT AUTHORITY\NETWORK SERVICE","20221012031106.325070+000","10","271","2203402629120","8","Normal","S-1-5-20","00:00:03.2968750",,"796","Microsoft Corporation","10.0.19041.1","Host Process for Windows Services","Microsoft? Windows? Operating System","10.0.19041.1 (WinBuild.160101.0800)","ADD683A6910ABBBF0E28B557FAD0BA998166394932AE2ACA069D9AA19EA8FE88"
"svchost.exe","2480","C:\Windows\System32\svchost.exe","C:\Windows\System32\svchost.exe -k LocalServiceNetworkRestricted -p","NT AUTHORITY\LOCAL SERVICE","20221012031106.329528+000","4","129","2203386900480","8","Normal","S-1-5-19","00:00:00.3906250",,"796","Microsoft Corporation","10.0.19041.1","Host Process for Windows Services","Microsoft? Windows? Operating System","10.0.19041.1 (WinBuild.160101.0800)","ADD683A6910ABBBF0E28B557FAD0BA998166394932AE2ACA069D9AA19EA8FE88"
"svchost.exe","2488","C:\Windows\system32\svchost.exe","C:\Windows\system32\svchost.exe -k LocalServiceNetworkRestricted -p","NT AUTHORITY\LOCAL SERVICE","20221012031106.334425+000","4","358","2203398987776","8","Normal","S-1-5-19","00:00:00.2500000",,"796","Microsoft Corporation","10.0.19041.1","Host Process for Windows Services","Microsoft? Windows? Operating System","10.0.19041.1 (WinBuild.160101.0800)","ADD683A6910ABBBF0E28B557FAD0BA998166394932AE2ACA069D9AA19EA8FE88"
"svchost.exe","2512","C:\Windows\System32\svchost.exe","C:\Windows\System32\svchost.exe -k LocalServiceNoNetwork -p -s NcdAutoSetup","NT AUTHORITY\LOCAL SERVICE","20221012031106.348835+000","3","202","2203402760192","8","Normal","S-1-5-19","00:00:00.1406250",,"796","Microsoft Corporation","10.0.19041.1","Host Process for Windows Services","Microsoft? Windows? Operating System","10.0.19041.1 (WinBuild.160101.0800)","ADD683A6910ABBBF0E28B557FAD0BA998166394932AE2ACA069D9AA19EA8FE88"
"svchost.exe","2532","C:\Windows\system32\svchost.exe","C:\Windows\system32\svchost.exe -k LocalService -p -s fdPHost","NT AUTHORITY\LOCAL SERVICE","20221012031106.358340+000","2","137","2203393011712","8","Normal","S-1-5-19","00:00:00.1250000",,"796","Microsoft Corporation","10.0.19041.1","Host Process for Windows Services","Microsoft? Windows? Operating System","10.0.19041.1 (WinBuild.160101.0800)","ADD683A6910ABBBF0E28B557FAD0BA998166394932AE2ACA069D9AA19EA8FE88"
"svchost.exe","2688","C:\Windows\System32\svchost.exe","C:\Windows\System32\svchost.exe -k netsvcs -p -s ShellHWDetection","NT AUTHORITY\SYSTEM","20221012031106.469046+000","3","199","2203406852096","8","Normal","S-1-5-18","00:00:00.4687500",,"796","Microsoft Corporation","10.0.19041.1","Host Process for Windows Services","Microsoft? Windows? Operating System","10.0.19041.1 (WinBuild.160101.0800)","ADD683A6910ABBBF0E28B557FAD0BA998166394932AE2ACA069D9AA19EA8FE88"
"spoolsv.exe","2792","C:\Windows\System32\spoolsv.exe","C:\Windows\System32\spoolsv.exe","NT AUTHORITY\SYSTEM","20221012031106.514500+000","10","628","2203474952192","8","Normal","S-1-5-18","00:00:07.9218750",,"796","Microsoft Corporation","10.0.19041.1","Spooler SubSystem App","Microsoft? Windows? Operating System","10.0.19041.1 (WinBuild.160101.0800)","50B6FE5A4D331EC61F2B330497C714560CD667FCC150832ACA4231605905EC4C"
"svchost.exe","2812","C:\Windows\system32\svchost.exe","C:\Windows\system32\svchost.exe -k LocalServiceAndNoImpersonation -p -s FDResPub","NT AUTHORITY\LOCAL SERVICE","20221012031106.519232+000","5","262","2203399852032","8","Normal","S-1-5-19","00:00:00.1875000",,"796","Microsoft Corporation","10.0.19041.1","Host Process for Windows Services","Microsoft? Windows? Operating System","10.0.19041.1 (WinBuild.160101.0800)","ADD683A6910ABBBF0E28B557FAD0BA998166394932AE2ACA069D9AA19EA8FE88"
"svchost.exe","2884","C:\Windows\system32\svchost.exe","C:\Windows\system32\svchost.exe -k LocalServiceNoNetworkFirewall -p","NT AUTHORITY\LOCAL SERVICE","20221012031106.549993+000","12","397","2203430002688","8","Normal","S-1-5-19","00:00:04.7031250",,"796","Microsoft Corporation","10.0.19041.1","Host Process for Windows Services","Microsoft? Windows? Operating System","10.0.19041.1 (WinBuild.160101.0800)","ADD683A6910ABBBF0E28B557FAD0BA998166394932AE2ACA069D9AA19EA8FE88"
"svchost.exe","3012","C:\Windows\system32\svchost.exe","C:\Windows\system32\svchost.exe -k netsvcs -p -s Winmgmt","NT AUTHORITY\SYSTEM","20221012031106.628963+000","17","418","2203437907968","8","Normal","S-1-5-18","00:01:03.0468750",,"796","Microsoft Corporation","10.0.19041.1","Host Process for Windows Services","Microsoft? Windows? Operating System","10.0.19041.1 (WinBuild.160101.0800)","ADD683A6910ABBBF0E28B557FAD0BA998166394932AE2ACA069D9AA19EA8FE88"
"svchost.exe","3184","C:\Windows\system32\svchost.exe","C:\Windows\system32\svchost.exe -k LocalSystemNetworkRestricted -p -s DeviceAssociationService","NT AUTHORITY\SYSTEM","20221012031106.840932+000","2","136","2203389587456","8","Normal","S-1-5-18","00:00:00.1875000",,"796","Microsoft Corporation","10.0.19041.1","Host Process for Windows Services","Microsoft? Windows? Operating System","10.0.19041.1 (WinBuild.160101.0800)","ADD683A6910ABBBF0E28B557FAD0BA998166394932AE2ACA069D9AA19EA8FE88"
"svchost.exe","3212","C:\Windows\system32\svchost.exe","C:\Windows\system32\svchost.exe -k LocalServiceNoNetwork -p","NT AUTHORITY\LOCAL SERVICE","20221012031106.871389+000","3","170","2203395743744","8","Normal","S-1-5-19","00:00:00.1718750",,"796","Microsoft Corporation","10.0.19041.1","Host Process for Windows Services","Microsoft? Windows? Operating System","10.0.19041.1 (WinBuild.160101.0800)","ADD683A6910ABBBF0E28B557FAD0BA998166394932AE2ACA069D9AA19EA8FE88"
"svchost.exe","3220","C:\Windows\system32\svchost.exe","C:\Windows\system32\svchost.exe -k NetworkService -p -s CryptSvc","NT AUTHORITY\NETWORK SERVICE","20221012031106.871916+000","11","415","2203556052992","8","Normal","S-1-5-20","00:00:05.7343750",,"796","Microsoft Corporation","10.0.19041.1","Host Process for Windows Services","Microsoft? Windows? Operating System","10.0.19041.1 (WinBuild.160101.0800)","ADD683A6910ABBBF0E28B557FAD0BA998166394932AE2ACA069D9AA19EA8FE88"
"svchost.exe","3232","C:\Windows\System32\svchost.exe","C:\Windows\System32\svchost.exe -k utcsvc -p","NT AUTHORITY\SYSTEM","20221012031106.875332+000","10","521","2203509420032","8","Normal","S-1-5-18","00:00:28.1250000",,"796","Microsoft Corporation","10.0.19041.1","Host Process for Windows Services","Microsoft? Windows? Operating System","10.0.19041.1 (WinBuild.160101.0800)","ADD683A6910ABBBF0E28B557FAD0BA998166394932AE2ACA069D9AA19EA8FE88"
"svchost.exe","3244","C:\Windows\System32\svchost.exe","C:\Windows\System32\svchost.exe -k LocalServiceNoNetwork -p -s DPS","NT AUTHORITY\LOCAL SERVICE","20221012031106.880617+000","17","331","2203499741184","8","Normal","S-1-5-19","00:00:21.1562500",,"796","Microsoft Corporation","10.0.19041.1","Host Process for Windows Services","Microsoft? Windows? Operating System","10.0.19041.1 (WinBuild.160101.0800)","ADD683A6910ABBBF0E28B557FAD0BA998166394932AE2ACA069D9AA19EA8FE88"
"dasHost.exe","3252","C:\Windows\system32\dashost.exe","dashost.exe {9b648e78-ddcf-4cfe-8540548497822f09}","NT AUTHORITY\LOCAL SERVICE","20221012031106.881274+000","3","353","2203400302592","8","Normal","S-1-5-19","00:00:00.1562500","C:\Windows\system32\svchost.exe","3184","Microsoft Corporation","10.0.19041.1806","Device Association Framework Provider Host","Microsoft? Windows? Operating System","10.0.19041.1806 (WinBuild.160101.0800)","BDBE0CAB8E69C015D4C75036336DA56C8A2D7D078B4626A1874DFE2CD8C0EC0A"
"HealthService.exe","3276","C:\Program Files\Microsoft Monitoring Agent\Agent\HealthService.exe","""C:\Program Files\Microsoft Monitoring Agent\Agent\HealthService.exe""","NT AUTHORITY\SYSTEM","20221012031106.892762+000","16","690","4742578176","4","Idle","S-1-5-18","00:05:50.8593750",,"796","Microsoft Corp.","10.20.18067.0","Microsoft Monitoring Agent Service","Microsoft Monitoring Agent","10.20.18067.0","C6CC32F2927D5C7C82268CC0BE3141D05C3A530D6A7C80A11C4562AA9B95DEAF"
"svchost.exe","3304","C:\Windows\System32\svchost.exe","C:\Windows\System32\svchost.exe -k NetSvcs -p -s iphlpsvc","NT AUTHORITY\SYSTEM","20221012031106.903836+000","5","360","2203402158080","8","Normal","S-1-5-18","00:00:00.2812500",,"796","Microsoft Corporation","10.0.19041.1","Host Process for Windows Services","Microsoft? Windows? Operating System","10.0.19041.1 (WinBuild.160101.0800)","ADD683A6910ABBBF0E28B557FAD0BA998166394932AE2ACA069D9AA19EA8FE88"
"WaAppAgent.exe","3384","C:\WindowsAzure\GuestAgent_2.7.41491.1057_2022-09-10_203216\WaAppAgent.exe","C:\WindowsAzure\GuestAgent_2.7.41491.1057_2022-09-10_203216\WaAppAgent.exe","NT AUTHORITY\SYSTEM","20221012031106.929015+000","32","907","2204012654592","8","Normal","S-1-5-18","00:05:09.8906250",,"796","Microsoft Corporation","2.7.41491.1057","Microsoft Azure??","Microsoft? CoReXT","2.7.41491.1057","1ADDD6BC9893FB68076C44D9290F07C10D2CC98362D2C17D7E01E5E3A6374635"
"svchost.exe","3396","C:\Windows\System32\svchost.exe","C:\Windows\System32\svchost.exe -k netsvcs -p -s sacsvr","NT AUTHORITY\SYSTEM","20221012031106.931568+000","3","101","2203386146816","8","Normal","S-1-5-18","00:00:00.0937500",,"796","Microsoft Corporation","10.0.19041.1","Host Process for Windows Services","Microsoft? Windows? Operating System","10.0.19041.1 (WinBuild.160101.0800)","ADD683A6910ABBBF0E28B557FAD0BA998166394932AE2ACA069D9AA19EA8FE88"
"WindowsAzureGuestAgent.exe","3444","C:\WindowsAzure\GuestAgent_2.7.41491.1057_2022-09-10_203216\WindowsAzureGuestAgent.exe","C:\WindowsAzure\GuestAgent_2.7.41491.1057_2022-09-10_203216\WindowsAzureGuestAgent.exe","NT AUTHORITY\SYSTEM","20221012031106.956900+000","16","634","5005271040","8","Normal","S-1-5-18","00:08:04.3437500",,"796","Microsoft Corporation","2.7.41491.1057","WindowsAzureGuestAgent","","2.7.41491.1057","A14124CCCCC5DE374F7953D62704355BFE157F99AAC74AC85213E51735BFB08B"
"svchost.exe","3456","C:\Windows\System32\svchost.exe","C:\Windows\System32\svchost.exe -k LocalSystemNetworkRestricted -p -s TrkWks","NT AUTHORITY\SYSTEM","20221012031106.964899+000","3","136","2203385860096","8","Normal","S-1-5-18","00:00:00.0625000",,"796","Microsoft Corporation","10.0.19041.1","Host Process for Windows Services","Microsoft? Windows? Operating System","10.0.19041.1 (WinBuild.160101.0800)","ADD683A6910ABBBF0E28B557FAD0BA998166394932AE2ACA069D9AA19EA8FE88"
"svchost.exe","3476","C:\Windows\system32\svchost.exe","C:\Windows\system32\svchost.exe -k netsvcs -p -s LanmanServer","NT AUTHORITY\SYSTEM","20221012031106.970235+000","6","211","2203402706944","8","Normal","S-1-5-18","00:00:00.9375000",,"796","Microsoft Corporation","10.0.19041.1","Host Process for Windows Services","Microsoft? Windows? Operating System","10.0.19041.1 (WinBuild.160101.0800)","ADD683A6910ABBBF0E28B557FAD0BA998166394932AE2ACA069D9AA19EA8FE88"
"svchost.exe","3496","C:\Windows\system32\svchost.exe","C:\Windows\system32\svchost.exe -k netsvcs -p -s WpnService","NT AUTHORITY\SYSTEM","20221012031106.976802+000","7","368","2203431346176","8","Normal","S-1-5-18","00:00:00.5000000",,"796","Microsoft Corporation","10.0.19041.1","Host Process for Windows Services","Microsoft? Windows? Operating System","10.0.19041.1 (WinBuild.160101.0800)","ADD683A6910ABBBF0E28B557FAD0BA998166394932AE2ACA069D9AA19EA8FE88"
"svchost.exe","3508","C:\Windows\System32\svchost.exe","C:\Windows\System32\svchost.exe -k LocalService -p -s WdiServiceHost","NT AUTHORITY\LOCAL SERVICE","20221012031106.981737+000","3","106","2203386159104","8","Normal","S-1-5-19","00:00:00.2031250",,"796","Microsoft Corporation","10.0.19041.1","Host Process for Windows Services","Microsoft? Windows? Operating System","10.0.19041.1 (WinBuild.160101.0800)","ADD683A6910ABBBF0E28B557FAD0BA998166394932AE2ACA069D9AA19EA8FE88"
"svchost.exe","3916","C:\Windows\system32\svchost.exe","C:\Windows\system32\svchost.exe -k LocalServiceAndNoImpersonation -p -s SSDPSRV","NT AUTHORITY\LOCAL SERVICE","20221012031107.413586+000","7","221","2203397840896","8","Normal","S-1-5-19","00:00:00.2500000",,"796","Microsoft Corporation","10.0.19041.1","Host Process for Windows Services","Microsoft? Windows? Operating System","10.0.19041.1 (WinBuild.160101.0800)","ADD683A6910ABBBF0E28B557FAD0BA998166394932AE2ACA069D9AA19EA8FE88"
"svchost.exe","4152","C:\Windows\system32\svchost.exe","C:\Windows\system32\svchost.exe -k LocalService -p -s DispBrokerDesktopSvc","NT AUTHORITY\LOCAL SERVICE","20221012031107.818426+000","2","120","2203388788736","8","Normal","S-1-5-19","00:00:00.1718750",,"796","Microsoft Corporation","10.0.19041.1","Host Process for Windows Services","Microsoft? Windows? Operating System","10.0.19041.1 (WinBuild.160101.0800)","ADD683A6910ABBBF0E28B557FAD0BA998166394932AE2ACA069D9AA19EA8FE88"
"svchost.exe","4976","C:\Windows\system32\svchost.exe","C:\Windows\system32\svchost.exe -k LocalSystemNetworkRestricted -p -s PcaSvc","NT AUTHORITY\SYSTEM","20221012031111.433549+000","8","267","2203414290432","8","Normal","S-1-5-18","00:00:00.3437500",,"796","Microsoft Corporation","10.0.19041.1","Host Process for Windows Services","Microsoft? Windows? Operating System","10.0.19041.1 (WinBuild.160101.0800)","ADD683A6910ABBBF0E28B557FAD0BA998166394932AE2ACA069D9AA19EA8FE88"
"taskhostw.exe","4508","C:\Windows\system32\taskhostw.exe","taskhostw.exe GAEvents|$(Arg0)","NT AUTHORITY\SYSTEM","20221012031112.606948+000","12","813","2203975135232","6","BelowNormal","S-1-5-18","00:00:16.5156250","C:\Windows\system32\svchost.exe","1756","Microsoft Corporation","10.0.19041.1","Host Process for Windows Tasks","Microsoft? Windows? Operating System","10.0.19041.1 (WinBuild.160101.0800)","E63709209D09BC0247E785F075DDB28A98C348206109E2B8BA321AD958402728"
"svchost.exe","4472","C:\Windows\System32\svchost.exe","C:\Windows\System32\svchost.exe -k LocalServiceNoNetwork -p -s pla","NT AUTHORITY\LOCAL SERVICE","20221012031112.626650+000","2","134","2203392282624","8","Normal","S-1-5-19","00:00:00.3125000",,"796","Microsoft Corporation","10.0.19041.1","Host Process for Windows Services","Microsoft? Windows? Operating System","10.0.19041.1 (WinBuild.160101.0800)","ADD683A6910ABBBF0E28B557FAD0BA998166394932AE2ACA069D9AA19EA8FE88"
"MMAExtensionHeartbeatService.exe","5184","C:\Packages\Plugins\Microsoft.EnterpriseCloud.Monitoring.MicrosoftMonitoringAgent\1.0.18067.0\MMAExtensionHeartbeatService.exe","""C:\Packages\Plugins\Microsoft.EnterpriseCloud.Monitoring.MicrosoftMonitoringAgent\1.0.18067.0\MMAExtensionHeartbeatService.exe""","NT AUTHORITY\SYSTEM","20221012031122.390270+000","6","527","4899262464","8","Normal","S-1-5-18","00:00:00.6718750",,"796","Microsoft Corporation","1.0.9.138","MMAExtensionHeartbeatService","Azure Log Analytics","1.0.9.138","728DE280B61095E5E9A9820CB7F9FF997226924AC5E2763392E2FDBD5097E610"
"MonitoringHost.exe","5248","C:\Program Files\Microsoft Monitoring Agent\Agent\MonitoringHost.exe","""C:\Program Files\Microsoft Monitoring Agent\Agent\MonitoringHost.exe"" -Embedding","NT AUTHORITY\SYSTEM","20221012031123.395600+000","22","1179","5044465664","4","Idle","S-1-5-18","00:14:37.6093750","C:\Windows\system32\svchost.exe","932","Microsoft Corp.","10.20.18067.0","System Center Management Service Host Process","Microsoft Monitoring Agent","10.20.18067.0","18A6BAB96C2BAC36F67A501A2C4E3E943B694FED8BCC759B6860708FB3732D93"
"svchost.exe","5744",,,,"20221012031128.577230+000","10","396","2203547570176","8",,"S-1-5-20","00:00:11.6250000",,"796",,,,,,
"svchost.exe","5896","C:\Windows\System32\svchost.exe","C:\Windows\System32\svchost.exe -k LocalSystemNetworkRestricted -p -s StorSvc","NT AUTHORITY\SYSTEM","20221012031128.731929+000","3","218","2203410661376","8","Normal","S-1-5-18","00:01:06.6093750",,"796","Microsoft Corporation","10.0.19041.1","Host Process for Windows Services","Microsoft? Windows? Operating System","10.0.19041.1 (WinBuild.160101.0800)","ADD683A6910ABBBF0E28B557FAD0BA998166394932AE2ACA069D9AA19EA8FE88"
"svchost.exe","6052","C:\Windows\System32\svchost.exe","C:\Windows\System32\svchost.exe -k LocalServiceNetworkRestricted -s RmSvc","NT AUTHORITY\LOCAL SERVICE","20221012031129.884272+000","5","204","2203397103616","8","Normal","S-1-5-19","00:00:00.2031250",,"796","Microsoft Corporation","10.0.19041.1","Host Process for Windows Services","Microsoft? Windows? Operating System","10.0.19041.1 (WinBuild.160101.0800)","ADD683A6910ABBBF0E28B557FAD0BA998166394932AE2ACA069D9AA19EA8FE88"
"svchost.exe","5788","C:\Windows\system32\svchost.exe","C:\Windows\system32\svchost.exe -k netsvcs -p -s UsoSvc","NT AUTHORITY\SYSTEM","20221012031131.294146+000","8","381","2203451179008","8","Normal","S-1-5-18","00:00:02.6875000",,"796","Microsoft Corporation","10.0.19041.1","Host Process for Windows Services","Microsoft? Windows? Operating System","10.0.19041.1 (WinBuild.160101.0800)","ADD683A6910ABBBF0E28B557FAD0BA998166394932AE2ACA069D9AA19EA8FE88"
"svchost.exe","6860","C:\Windows\system32\svchost.exe","C:\Windows\system32\svchost.exe -k LocalService -p -s CDPSvc","NT AUTHORITY\LOCAL SERVICE","20221012031308.248901+000","6","327","2203439235072","8","Normal","S-1-5-19","00:00:00.1406250",,"796","Microsoft Corporation","10.0.19041.1","Host Process for Windows Services","Microsoft? Windows? Operating System","10.0.19041.1 (WinBuild.160101.0800)","ADD683A6910ABBBF0E28B557FAD0BA998166394932AE2ACA069D9AA19EA8FE88"
"SgrmBroker.exe","6348",,,,"20221012031309.090229+000","7","108","2203383140352","8",,"S-1-5-18","00:00:00.1718750",,"796",,,,,,
"svchost.exe","7016",,,,"20221012031309.397275+000","8","220","2203401916416","8",,"S-1-5-19","00:00:00.3906250",,"796",,,,,,
"SearchIndexer.exe","380","C:\Windows\system32\SearchIndexer.exe","C:\Windows\system32\SearchIndexer.exe /Embedding","NT AUTHORITY\SYSTEM","20221012031309.541438+000","23","725","2203660464128","8","Normal","S-1-5-18","00:00:32.8906250",,"796","Microsoft Corporation","7.0.19041.1","Microsoft Windows Search Indexer","Windows? Search","7.0.19041.1 (WinBuild.160101.0800)","3305F52726BD84367F99001591E833D3B0BE94240AC03A389AAF8DCFF9C2E39F"
"svchost.exe","7088","C:\Windows\system32\svchost.exe","C:\Windows\system32\svchost.exe -k appmodel -p -s StateRepository","NT AUTHORITY\SYSTEM","20221012031309.752947+000","8","199","2203417747456","8","Normal","S-1-5-18","00:00:13.7187500",,"796","Microsoft Corporation","10.0.19041.1","Host Process for Windows Services","Microsoft? Windows? Operating System","10.0.19041.1 (WinBuild.160101.0800)","ADD683A6910ABBBF0E28B557FAD0BA998166394932AE2ACA069D9AA19EA8FE88"
"svchost.exe","408","C:\Windows\System32\svchost.exe","C:\Windows\System32\svchost.exe -k LocalSystemNetworkRestricted -p -s DsSvc","NT AUTHORITY\SYSTEM","20221012111107.575532+000","5","188","2203680645120","8","Normal","S-1-5-18","00:00:00.1875000",,"796","Microsoft Corporation","10.0.19041.1","Host Process for Windows Services","Microsoft? Windows? Operating System","10.0.19041.1 (WinBuild.160101.0800)","ADD683A6910ABBBF0E28B557FAD0BA998166394932AE2ACA069D9AA19EA8FE88"
"SecurityHealthService.exe","6328",,,,"20221013031109.349737+000","8","373","2203415748608","8",,"S-1-5-18","00:00:01.3593750",,"796",,,,,,
"svchost.exe","5676","C:\Windows\System32\svchost.exe","C:\Windows\System32\svchost.exe -k netsvcs -p","NT AUTHORITY\SYSTEM","20221013061350.877243+000","2","209","2203423293440","8","Normal","S-1-5-18","00:00:01.5937500",,"796","Microsoft Corporation","10.0.19041.1","Host Process for Windows Services","Microsoft? Windows? Operating System","10.0.19041.1 (WinBuild.160101.0800)","ADD683A6910ABBBF0E28B557FAD0BA998166394932AE2ACA069D9AA19EA8FE88"
"MsMpEng.exe","3284",,,,"20221014024154.044546+000","36","929","2203978649600","8",,"S-1-5-18","00:15:01.8906250",,"796",,,,,,
"NisSrv.exe","3364",,,,"20221014024159.811100+000","5","210","2203416993792","8",,"S-1-5-19","00:00:00.1875000",,"796",,,,,,
"svchost.exe","3796","C:\Windows\System32\svchost.exe","C:\Windows\System32\svchost.exe -k LocalService -p -s LicenseManager","NT AUTHORITY\LOCAL SERVICE","20221014095155.305340+000","4","269","2203428696064","8","Normal","S-1-5-19","00:00:00.5156250",,"796","Microsoft Corporation","10.0.19041.1","Host Process for Windows Services","Microsoft? Windows? Operating System","10.0.19041.1 (WinBuild.160101.0800)","ADD683A6910ABBBF0E28B557FAD0BA998166394932AE2ACA069D9AA19EA8FE88"
"csrss.exe","2284",,,,"20221015112724.595048+000","13","479","2203434577920","13",,"S-1-5-18","00:00:01.4531250",,"1252",,,,,,
"winlogon.exe","5432","C:\Windows\system32\winlogon.exe","winlogon.exe","NT AUTHORITY\SYSTEM","20221015112724.606309+000","5","264","2203420647424","13","High","S-1-5-18","00:00:00.0937500",,"1252","Microsoft Corporation","10.0.19041.1151","Windows Logon Application","Microsoft? Windows? Operating System","10.0.19041.1151 (WinBuild.160101.0800)","5D4D7C29121F22EF85F442DF30C6046212DE15958C1AA2649E2C0A4FA40DCE41"
"fontdrvhost.exe","6092","C:\Windows\system32\fontdrvhost.exe","""fontdrvhost.exe""","Font Driver Host\UMFD-2","20221015112725.159582+000","5","36","2203507953664","8","Normal","S-1-5-96-0-2","00:00:00.1562500","C:\Windows\system32\winlogon.exe","5432","Microsoft Corporation","10.0.19041.2075","Usermode Font Driver Host","Microsoft? Windows? Operating System","10.0.19041.2075 (WinBuild.160101.0800)","A361C525E9B5ABF9CC705DF2397C9B4BAB5A698B7602540395A3E8557DF4195C"
"dwm.exe","4720","C:\Windows\system32\dwm.exe","""dwm.exe""","Window Manager\DWM-2","20221015112725.168902+000","19","836","2203631116288","13","High","S-1-5-90-0-2","00:00:03.4531250","C:\Windows\system32\winlogon.exe","5432","Microsoft Corporation","10.0.19041.1","Desktop Window Manager","Microsoft? Windows? Operating System","10.0.19041.1 (WinBuild.160101.0800)","0AC827C9E35CDAA492DDD435079415805DCC276352112B040BCD34EF122CF565"
"svchost.exe","332","C:\Windows\system32\svchost.exe","C:\Windows\system32\svchost.exe -k netsvcs -p -s TokenBroker","NT AUTHORITY\SYSTEM","20221015112726.020733+000","10","326","2203437756416","8","Normal","S-1-5-18","00:00:01.7968750",,"796","Microsoft Corporation","10.0.19041.1","Host Process for Windows Services","Microsoft? Windows? Operating System","10.0.19041.1 (WinBuild.160101.0800)","ADD683A6910ABBBF0E28B557FAD0BA998166394932AE2ACA069D9AA19EA8FE88"
"rdpclip.exe","3484","C:\Windows\System32\rdpclip.exe","rdpclip","w10-example\azureadmin","20221015112726.089963+000","11","442","2203459866624","8","Normal","S-1-5-21-854572065-3638439640-3444370625-500","00:00:09.2031250","C:\Windows\System32\svchost.exe","1080","Microsoft Corporation","10.0.19041.1","RDP Clipboard Monitor","Microsoft? Windows? Operating System","10.0.19041.1 (WinBuild.160101.0800)","73F7F993D314146849005D63249BF561630644B3988FEC8A695CC6F23AFB7DBF"
"sihost.exe","4164","C:\Windows\system32\sihost.exe","sihost.exe","w10-example\azureadmin","20221015112726.197157+000","15","564","2203489390592","8","Normal","S-1-5-21-854572065-3638439640-3444370625-500","00:00:10.5000000","C:\Windows\system32\svchost.exe","2392","Microsoft Corporation","10.0.19041.746","Shell Infrastructure Host","Microsoft? Windows? Operating System","10.0.19041.746 (WinBuild.160101.0800)","8EE21A0BA8849D31C265B4090A9E2EBE8BA66F58A8F71D4E96509E8A78F7DB00"
"svchost.exe","6064","C:\Windows\system32\svchost.exe","C:\Windows\system32\svchost.exe -k UnistackSvcGroup -s CDPUserSvc","w10-example\azureadmin","20221015112726.232525+000","12","319","2203454742528","8","Normal","S-1-5-21-854572065-3638439640-3444370625-500","00:00:00.5781250",,"796","Microsoft Corporation","10.0.19041.1","Host Process for Windows Services","Microsoft? Windows? Operating System","10.0.19041.1 (WinBuild.160101.0800)","ADD683A6910ABBBF0E28B557FAD0BA998166394932AE2ACA069D9AA19EA8FE88"
"svchost.exe","1712","C:\Windows\system32\svchost.exe","C:\Windows\system32\svchost.exe -k UnistackSvcGroup -s WpnUserService","w10-example\azureadmin","20221015112726.266344+000","9","538","2203528912896","8","Normal","S-1-5-21-854572065-3638439640-3444370625-500","00:00:01.6093750",,"796","Microsoft Corporation","10.0.19041.1","Host Process for Windows Services","Microsoft? Windows? Operating System","10.0.19041.1 (WinBuild.160101.0800)","ADD683A6910ABBBF0E28B557FAD0BA998166394932AE2ACA069D9AA19EA8FE88"
"taskhostw.exe","5980","C:\Windows\system32\taskhostw.exe","taskhostw.exe {222A245B-E637-4AE9-A93F-A59CA119A75E}","w10-example\azureadmin","20221015112726.329535+000","9","302","2203587706880","8","Normal","S-1-5-21-854572065-3638439640-3444370625-500","00:00:00.7343750","C:\Windows\system32\svchost.exe","1756","Microsoft Corporation","10.0.19041.1","Host Process for Windows Tasks","Microsoft? Windows? Operating System","10.0.19041.1 (WinBuild.160101.0800)","E63709209D09BC0247E785F075DDB28A98C348206109E2B8BA321AD958402728"
"svchost.exe","3576","C:\Windows\system32\svchost.exe","C:\Windows\system32\svchost.exe -k netsvcs -p -s Appinfo","NT AUTHORITY\SYSTEM","20221015112726.442639+000","1","160","2203399950336","8","Normal","S-1-5-18","00:00:00.0468750",,"796","Microsoft Corporation","10.0.19041.1","Host Process for Windows Services","Microsoft? Windows? Operating System","10.0.19041.1 (WinBuild.160101.0800)","ADD683A6910ABBBF0E28B557FAD0BA998166394932AE2ACA069D9AA19EA8FE88"
"svchost.exe","1668","C:\Windows\System32\svchost.exe","C:\Windows\System32\svchost.exe -k LocalSystemNetworkRestricted -p -s TabletInputService","NT AUTHORITY\SYSTEM","20221015112726.468559+000","4","184","2203394228224","8","Normal","S-1-5-18","00:00:00.1718750",,"796","Microsoft Corporation","10.0.19041.1","Host Process for Windows Services","Microsoft? Windows? Operating System","10.0.19041.1 (WinBuild.160101.0800)","ADD683A6910ABBBF0E28B557FAD0BA998166394932AE2ACA069D9AA19EA8FE88"
"ctfmon.exe","1312","C:\Windows\system32\ctfmon.exe","""ctfmon.exe""","w10-example\azureadmin","20221015112726.517434+000","12","493","2203472818176","13","High","S-1-5-21-854572065-3638439640-3444370625-500","00:00:01.4062500","C:\Windows\System32\svchost.exe","1668","Microsoft Corporation","10.0.19041.1","CTF Loader","Microsoft? Windows? Operating System","10.0.19041.1 (WinBuild.160101.0800)","484FED5F039F429ED933931BA607B7EFDA7D1A343D79CFAB60910E1843147012"
"rdpinput.exe","7392","C:\Windows\System32\rdpinput.EXE","""C:\Windows\System32\rdpinput.EXE"" ","w10-example\azureadmin","20221015112726.833804+000","4","136","2203407339520","8","Normal","S-1-5-21-854572065-3638439640-3444370625-500","00:00:00.0468750","C:\Windows\System32\rdpclip.exe","3484","Microsoft Corporation","10.0.19041.1","RDP Session Input Handler","Microsoft? Windows? Operating System","10.0.19041.1 (WinBuild.160101.0800)","39BFB2214EFEED47F4F5E50E6DFF05541E29CAEB27966520BDADD52C3D5E7143"
"TabTip.exe","7420","C:\Program Files\Common Files\microsoft shared\ink\TabTip.exe","/QuitInfo:000000000000026C;0000000000000268;  ","w10-example\azureadmin","20221015112726.874370+000","7","318","2203478552576","13","High","S-1-5-21-854572065-3638439640-3444370625-500","00:00:00.4218750","C:\Windows\System32\svchost.exe","1668","Microsoft Corporation","10.0.19041.1","Touch Keyboard and Handwriting Panel","Microsoft? Windows? Operating System","10.0.19041.1 (WinBuild.160101.0800)","043CE8D288FBDB1FE2A7ECC96F6E1CEC5411EC7147E8FD7E23905D29833EA08E"
"explorer.exe","7448","C:\Windows\Explorer.EXE","C:\Windows\Explorer.EXE","w10-example\azureadmin","20221015112726.893813+000","109","3568","2204041011200","8","Normal","S-1-5-21-854572065-3638439640-3444370625-500","00:01:13.0625000",,"7384","Microsoft Corporation","10.0.19041.1806","Windows Explorer","Microsoft? Windows? Operating System","10.0.19041.1806 (WinBuild.160101.0800)","4EF2A8BE5EF3E6C6F55A5AA195CED4D08F7BC22DE3555C5858D752C72617CB40"
"svchost.exe","8136","C:\Windows\system32\svchost.exe","C:\Windows\system32\svchost.exe -k ClipboardSvcGroup -p -s cbdhsvc","w10-example\azureadmin","20221015112728.221810+000","12","332","2203489177600","8","Normal","S-1-5-21-854572065-3638439640-3444370625-500","00:00:00.2343750",,"796","Microsoft Corporation","10.0.19041.1","Host Process for Windows Services","Microsoft? Windows? Operating System","10.0.19041.1 (WinBuild.160101.0800)","ADD683A6910ABBBF0E28B557FAD0BA998166394932AE2ACA069D9AA19EA8FE88"
"StartMenuExperienceHost.exe","8208","C:\Windows\SystemApps\Microsoft.Windows.StartMenuExperienceHost_cw5n1h2txyewy\StartMenuExperienceHost.exe","""C:\Windows\SystemApps\Microsoft.Windows.StartMenuExperienceHost_cw5n1h2txyewy\StartMenuExperienceHost.exe"" -ServerName:App.AppXywbrabmsek0gm3tkwpr5kwzbs55tkqay.mca","w10-example\azureadmin","20221015112729.008126+000","11","644","2203704569856","8","Normal","S-1-5-21-854572065-3638439640-3444370625-500","00:00:01.7968750","C:\Windows\system32\svchost.exe","932",,,,,,"7D00473ED0E5AFFD24C1B658C0FFB2DA386105CE72A4D061F4097D00B13BDE34"
"RuntimeBroker.exe","8352","C:\Windows\System32\RuntimeBroker.exe","C:\Windows\System32\RuntimeBroker.exe -Embedding","w10-example\azureadmin","20221015112729.210224+000","2","334","2203474546688","8","Normal","S-1-5-21-854572065-3638439640-3444370625-500","00:00:01.5312500","C:\Windows\system32\svchost.exe","932","Microsoft Corporation","10.0.19041.746","Runtime Broker","Microsoft? Windows? Operating System","10.0.19041.746 (WinBuild.160101.0800)","E86870769EE6C797E09457BD99C58D9BF2303CF0193A24EF9B1222C2C3DAF628"
"SearchApp.exe","8668","C:\Windows\SystemApps\Microsoft.Windows.Search_cw5n1h2txyewy\SearchApp.exe","""C:\Windows\SystemApps\Microsoft.Windows.Search_cw5n1h2txyewy\SearchApp.exe"" -ServerName:CortanaUI.AppX8z9r6jm96hw4bsbneegw0kyxx296wr9t.mca","w10-example\azureadmin","20221015112729.817816+000","56","1767","2238718648320","8","Normal","S-1-5-21-854572065-3638439640-3444370625-500","00:00:22.6093750","C:\Windows\system32\svchost.exe","932","Microsoft Corporation","10.0.19041.2130","Search application","Microsoft? Windows? Operating System","10.0.19041.2130 (WinBuild.160101.0800)","551F88A27505D7EAC38B806529401E1318D0E1929FDED13CB47B3BECB8F5967C"
"RuntimeBroker.exe","8868","C:\Windows\System32\RuntimeBroker.exe","C:\Windows\System32\RuntimeBroker.exe -Embedding","w10-example\azureadmin","20221015112729.954101+000","20","658","2203623968768","8","Normal","S-1-5-21-854572065-3638439640-3444370625-500","00:00:06.5468750","C:\Windows\system32\svchost.exe","932","Microsoft Corporation","10.0.19041.746","Runtime Broker","Microsoft? Windows? Operating System","10.0.19041.746 (WinBuild.160101.0800)","E86870769EE6C797E09457BD99C58D9BF2303CF0193A24EF9B1222C2C3DAF628"
"svchost.exe","9740","C:\Windows\system32\svchost.exe","C:\Windows\system32\svchost.exe -k netsvcs -p -s lfsvc","NT AUTHORITY\SYSTEM","20221015112733.679958+000","3","465","2203427631104","8","Normal","S-1-5-18","00:00:00.3125000",,"796","Microsoft Corporation","10.0.19041.1","Host Process for Windows Services","Microsoft? Windows? Operating System","10.0.19041.1 (WinBuild.160101.0800)","ADD683A6910ABBBF0E28B557FAD0BA998166394932AE2ACA069D9AA19EA8FE88"
"PhoneExperienceHost.exe","9944","C:\Program Files\WindowsApps\Microsoft.YourPhone_1.22082.117.0_x64__8wekyb3d8bbwe\PhoneExperienceHost.exe","""C:\Program Files\WindowsApps\Microsoft.YourPhone_1.22082.117.0_x64__8wekyb3d8bbwe\PhoneExperienceHost.exe"" -ComServer:Background -Embedding","w10-example\azureadmin","20221015112734.544805+000","17","1442","2204510093312","8","Normal","S-1-5-21-854572065-3638439640-3444370625-500","00:00:03.4062500","C:\Windows\system32\svchost.exe","932","Microsoft Corporation","1.22082.117.0","PhoneExperienceHost","Microsoft Your Phone","1.22082.117.0","438EF9C2346E895270BD26BEF4A83F6E463BA91DBEF9FB8DA057E885CBAC071A"
"RuntimeBroker.exe","10000","C:\Windows\System32\RuntimeBroker.exe","C:\Windows\System32\RuntimeBroker.exe -Embedding","w10-example\azureadmin","20221015112734.746955+000","1","231","2203443687424","8","Normal","S-1-5-21-854572065-3638439640-3444370625-500","00:00:00.0937500","C:\Windows\system32\svchost.exe","932","Microsoft Corporation","10.0.19041.746","Runtime Broker","Microsoft? Windows? Operating System","10.0.19041.746 (WinBuild.160101.0800)","E86870769EE6C797E09457BD99C58D9BF2303CF0193A24EF9B1222C2C3DAF628"
"RuntimeBroker.exe","9528","C:\Windows\System32\RuntimeBroker.exe","C:\Windows\System32\RuntimeBroker.exe -Embedding","w10-example\azureadmin","20221015112736.368843+000","6","297","2203466711040","8","Normal","S-1-5-21-854572065-3638439640-3444370625-500","00:00:02.5000000","C:\Windows\system32\svchost.exe","932","Microsoft Corporation","10.0.19041.746","Runtime Broker","Microsoft? Windows? Operating System","10.0.19041.746 (WinBuild.160101.0800)","E86870769EE6C797E09457BD99C58D9BF2303CF0193A24EF9B1222C2C3DAF628"
"SecurityHealthSystray.exe","2944","C:\Windows\System32\SecurityHealthSystray.exe","""C:\Windows\System32\SecurityHealthSystray.exe"" ","w10-example\azureadmin","20221015112740.921435+000","1","161","2203426988032","8","Normal","S-1-5-21-854572065-3638439640-3444370625-500","00:00:00.0937500","C:\Windows\Explorer.EXE","7448","Microsoft Corporation","10.0.19041.1","Windows Security notification icon","Microsoft? Windows? Operating System","10.0.19041.1 (WinBuild.160101.0800)","570B37A7A3FFDAFCCECCC33CBC1968FEB857B73CA3CB4DFFEDC2E67E9ABD0878"
"TextInputHost.exe","10776","C:\Windows\SystemApps\MicrosoftWindows.Client.CBS_cw5n1h2txyewy\TextInputHost.exe","""C:\Windows\SystemApps\MicrosoftWindows.Client.CBS_cw5n1h2txyewy\TextInputHost.exe"" -ServerName:InputApp.AppXjd5de1g66v206tj52m9d0dtpppx4cgpn.mca","w10-example\azureadmin","20221015112809.095404+000","8","544","2203604979712","8","Normal","S-1-5-21-854572065-3638439640-3444370625-500","00:00:00.3906250","C:\Windows\system32\svchost.exe","932","Microsoft Corporation","121.9202.4105.0","","Microsoft? Windows? Operating System","121.9202.4105.0","BDC29B4CCA1EFB8A30D8EA9D47A0E7C123E2E42AE2B7050CBF2C0EBE11E7A1B9"
"dllhost.exe","10512","C:\Windows\system32\DllHost.exe","C:\Windows\system32\DllHost.exe /Processid:{973D20D7-562D-44B9-B70B-5A0F49CCDF3F}","w10-example\azureadmin","20221015112809.219769+000","10","246","2203577139200","8","Normal","S-1-5-21-854572065-3638439640-3444370625-500","00:00:00.1875000","C:\Windows\system32\svchost.exe","932","Microsoft Corporation","10.0.19041.546","COM Surrogate","Microsoft? Windows? Operating System","10.0.19041.546 (WinBuild.160101.0800)","E7FC40B41AA8B83841A0B96D169EAF0800AA784733E636935374D56536253F10"
"svchost.exe","10336","C:\Windows\system32\svchost.exe","C:\Windows\system32\svchost.exe -k LocalService -p -s WebClient","NT AUTHORITY\LOCAL SERVICE","20221015112821.942662+000","6","164","2203409747968","8","Normal","S-1-5-19","00:00:00.0781250",,"796","Microsoft Corporation","10.0.19041.1","Host Process for Windows Services","Microsoft? Windows? Operating System","10.0.19041.1 (WinBuild.160101.0800)","ADD683A6910ABBBF0E28B557FAD0BA998166394932AE2ACA069D9AA19EA8FE88"
"svchost.exe","7400","C:\Windows\System32\svchost.exe","C:\Windows\System32\svchost.exe -k UnistackSvcGroup","w10-example\azureadmin","20221015112822.011935+000","4","440","2203721355264","8","Normal","S-1-5-21-854572065-3638439640-3444370625-500","00:00:00.7812500",,"796","Microsoft Corporation","10.0.19041.1","Host Process for Windows Services","Microsoft? Windows? Operating System","10.0.19041.1 (WinBuild.160101.0800)","ADD683A6910ABBBF0E28B557FAD0BA998166394932AE2ACA069D9AA19EA8FE88"
"UserOOBEBroker.exe","10012","C:\Windows\System32\oobe\UserOOBEBroker.exe","C:\Windows\System32\oobe\UserOOBEBroker.exe -Embedding","w10-example\azureadmin","20221015113730.830183+000","4","142","2203417481216","8","Normal","S-1-5-21-854572065-3638439640-3444370625-500","00:00:00.5781250","C:\Windows\system32\svchost.exe","932","Microsoft Corporation","10.0.19041.746","User OOBE Broker","Microsoft? Windows? Operating System","10.0.19041.746 (WinBuild.160101.0800)","AD938C303F12EA8D164433CC7BA46FC7B9AE00F6F899E308D4317DAB46E25642"
"Microsoft.Photos.exe","9468","C:\Program Files\WindowsApps\Microsoft.Windows.Photos_2022.30070.26007.0_x64__8wekyb3d8bbwe\Microsoft.Photos.exe","""C:\Program Files\WindowsApps\Microsoft.Windows.Photos_2022.30070.26007.0_x64__8wekyb3d8bbwe\Microsoft.Photos.exe"" -ServerName:App.AppXzst44mncqdg84v7sv6p7yznqwssy6f7f.mca","w10-example\azureadmin","20221015115726.714416+000","16","650","5189709824","8","Normal","S-1-5-21-854572065-3638439640-3444370625-500","00:00:01.8437500","C:\Windows\system32\svchost.exe","932","Microsoft Corporation","2022.30070.2600700000-release2022.06","Microsoft.Photos.exe","Microsoft Photos","2022.30070.26007.00000","BA911ECA6A8B5CD504B2242DBFD7120B43DA47662F94C4169058EA5D727B9C41"
"RuntimeBroker.exe","1500","C:\Windows\System32\RuntimeBroker.exe","C:\Windows\System32\RuntimeBroker.exe -Embedding","w10-example\azureadmin","20221015115727.465529+000","3","307","2203476840448","8","Normal","S-1-5-21-854572065-3638439640-3444370625-500","00:00:01.2500000","C:\Windows\system32\svchost.exe","932","Microsoft Corporation","10.0.19041.746","Runtime Broker","Microsoft? Windows? Operating System","10.0.19041.746 (WinBuild.160101.0800)","E86870769EE6C797E09457BD99C58D9BF2303CF0193A24EF9B1222C2C3DAF628"
"MoUsoCoreWorker.exe","10352","C:\Windows\System32\mousocoreworker.exe","C:\Windows\System32\mousocoreworker.exe -Embedding","NT AUTHORITY\SYSTEM","20221016040043.911108+000","6","563","2203436388352","8","Normal","S-1-5-18","00:00:10.8906250","C:\Windows\system32\svchost.exe","932","Microsoft Corporation","10.0.19041.2075","MoUSO Core Worker Process","Microsoft? Windows? Operating System","10.0.19041.2075 (WinBuild.160101.0800)","3C0BC02F445FEA0CCB97748A025AEEB8835EACEA585D58F50BBA434686E1E053"
"WaSecAgentProv.exe","11928","C:\WindowsAzure\SecAgent\WaSecAgentProv.exe","""C:\WindowsAzure\SecAgent\WaSecAgentProv.exe"" -startPoll C:\WindowsAzure\Logs\ 168.63.129.16 5248000 900000 21600000","NT AUTHORITY\SYSTEM","20221018091350.053125+000","4","140","4362010624","8","Normal","S-1-5-18","00:00:00.4687500","C:\WindowsAzure\GuestAgent_2.7.41491.1057_2022-09-10_203216\WaAppAgent.exe","3384","Microsoft Corporation","3.25.16.0","security-Dsms master (ecf608846f) Microsoft? Azure SecAgent","Microsoft? CoReXT","3.25.16.0","ECC7331A2EB3812C37D968990F50248983A7A0ABB19FDB90DB4A7BA150137A4E"
"conhost.exe","8728","C:\Windows\system32\conhost.exe","\??\C:\Windows\system32\conhost.exe 0x4","NT AUTHORITY\SYSTEM","20221018091350.057723+000","2","102","2203400335360","8","Normal","S-1-5-18","00:00:00.0312500","C:\WindowsAzure\SecAgent\WaSecAgentProv.exe","11928","Microsoft Corporation","10.0.19041.1","Console Window Host","Microsoft? Windows? Operating System","10.0.19041.1 (WinBuild.160101.0800)","3C1C6D813D2B031D988204155FC198FE4F32FF56C05DABBCFCD5486131F4FB9D"
"svchost.exe","10368","C:\Windows\system32\svchost.exe","C:\Windows\system32\svchost.exe -k netsvcs -p -s seclogon","NT AUTHORITY\SYSTEM","20221018112750.566238+000","2","114","2203385454592","8","Normal","S-1-5-18","00:00:00.0156250",,"796","Microsoft Corporation","10.0.19041.1","Host Process for Windows Services","Microsoft? Windows? Operating System","10.0.19041.1 (WinBuild.160101.0800)","ADD683A6910ABBBF0E28B557FAD0BA998166394932AE2ACA069D9AA19EA8FE88"
"OneDrive.exe","8500","C:\Users\azureadmin\AppData\Local\Microsoft\OneDrive\OneDrive.exe"," /updateInstalled /background","w10-example\azureadmin","20221018112756.428219+000","20","789","2272519380992","8","Normal","S-1-5-21-854572065-3638439640-3444370625-500","00:00:03.1093750",,"7992","Microsoft Corporation","22.202.0925.0002","Microsoft OneDrive","Microsoft OneDrive","22.202.0925.0002","E623270696C7FEC4038FD1998108B18C4AFC30E3D6C3F8228CDC26C573B724B6"
"WUDFHost.exe","12188","C:\Windows\System32\WUDFHost.exe","""C:\Windows\System32\WUDFHost.exe"" -HostGUID:{193a1820-d9ac-4997-8c55-be817523f6aa} -IoEventPortName:\UMDFCommunicationPorts\WUDF\HostProcess-2ff0d116-122e-447d-82ff-7c4d88d718c2 -SystemEventPortName:\UMDFCommunicationPorts\WUDF\HostProcess-ab59016c-1af9-4a1e-b6c2-aec366705ac6 -IoCancelEventPortName:\UMDFCommunicationPorts\WUDF\HostProcess-c9356410-6eca-40a6-abd9-ffcf02512803 -NonStateChangingEventPortName:\UMDFCommunicationPorts\WUDF\HostProcess-862e2c00-6b2a-4b13-a3f2-c486d90a0413 -LifetimeId:e9d92394-6543-41a6-b50c-da9d2802de79 -DeviceGroupId: -HostArg:0","NT AUTHORITY\LOCAL SERVICE","20221018144959.680562+000","9","330","2203477508096","8","Normal","S-1-5-19","00:00:00.1718750",,"796","Microsoft Corporation","10.0.19041.1","Windows Driver Foundation - User-mode Driver Framework Host Process","Microsoft? Windows? Operating System","10.0.19041.1 (WinBuild.160101.0800)","28CB4EBD59945B16E0E9E04154C7A1255B404A6E819C6C5FB4DBE4FA050C9B3B"
"svchost.exe","7144","C:\Windows\system32\svchost.exe","C:\Windows\system32\svchost.exe -k LocalSystemNetworkRestricted -s ScDeviceEnum","NT AUTHORITY\SYSTEM","20221018145000.181694+000","3","157","2203392696320","8","Normal","S-1-5-18","00:00:00.0312500",,"796","Microsoft Corporation","10.0.19041.1","Host Process for Windows Services","Microsoft? Windows? Operating System","10.0.19041.1 (WinBuild.160101.0800)","ADD683A6910ABBBF0E28B557FAD0BA998166394932AE2ACA069D9AA19EA8FE88"
"ShellExperienceHost.exe","10228","C:\Windows\SystemApps\ShellExperienceHost_cw5n1h2txyewy\ShellExperienceHost.exe","""C:\Windows\SystemApps\ShellExperienceHost_cw5n1h2txyewy\ShellExperienceHost.exe"" -ServerName:App.AppXtk181tbxbce2qsex02s8tw7hfxa9xb3t.mca","w10-example\azureadmin","20221018145002.806244+000","17","696","2203668631552","8","Normal","S-1-5-21-854572065-3638439640-3444370625-500","00:00:00.6250000","C:\Windows\system32\svchost.exe","932","Microsoft Corporation","10.0.19041.1949","Windows Shell Experience Host","Microsoft? Windows? Operating System","10.0.19041.1949 (WinBuild.160101.0800)","0CA78990791F4C02A19DFF504925657993B5C4CF0523CF0D40E11DEE47012A7E"
"RuntimeBroker.exe","6960","C:\Windows\System32\RuntimeBroker.exe","C:\Windows\System32\RuntimeBroker.exe -Embedding","w10-example\azureadmin","20221018145003.083867+000","2","281","2203462049792","8","Normal","S-1-5-21-854572065-3638439640-3444370625-500","00:00:00.4375000","C:\Windows\system32\svchost.exe","932","Microsoft Corporation","10.0.19041.746","Runtime Broker","Microsoft? Windows? Operating System","10.0.19041.746 (WinBuild.160101.0800)","E86870769EE6C797E09457BD99C58D9BF2303CF0193A24EF9B1222C2C3DAF628"
"svchost.exe","2808",,,,"20221018145619.070137+000","4","127","2203396616192","8",,"S-1-5-18","00:00:00.0156250",,"796",,,,,,
"audiodg.exe","2924","C:\Windows\system32\AUDIODG.EXE","C:\Windows\system32\AUDIODG.EXE 0x438","NT AUTHORITY\LOCAL SERVICE","20221018145809.123397+000","4","241","2203412901888","8","Normal","S-1-5-19","00:00:00.1250000","C:\Windows\System32\svchost.exe","2188","Microsoft Corporation","10.0.19041.1","Windows Audio Device Graph Isolation ","Microsoft? Windows? Operating System","10.0.19041.1 (WinBuild.160101.0800)","4EAFFBC39DE50E320A284298241E885820E8125B25DA7CF453D35EEB4250B99D"
"SearchProtocolHost.exe","11860","C:\Windows\system32\SearchProtocolHost.exe","""C:\Windows\system32\SearchProtocolHost.exe"" Global\UsGthrFltPipeMssGthrPipe5_ Global\UsGthrCtrlFltPipeMssGthrPipe5 1 -2147483646 ""Software\Microsoft\Windows Search"" ""Mozilla/4.0 (compatible; MSIE 6.0; Windows NT; MS Search 4.0 Robot)"" ""C:\ProgramData\Microsoft\Search\Data\Temp\usgthrsvc"" ""DownLevelDaemon"" ","NT AUTHORITY\SYSTEM","20221018145933.261271+000","6","372","2203424854016","4","Idle","S-1-5-18","00:00:03.3437500","C:\Windows\system32\SearchIndexer.exe","380","Microsoft Corporation","7.0.19041.1865","Microsoft Windows Search Protocol Host","Windows? Search","7.0.19041.1865 (WinBuild.160101.0800)","DE66A82EA4634B03A76AC11370C070D4A6AAC1FA8D4CA907136BEEDCD279316A"
"SearchFilterHost.exe","5512","C:\Windows\system32\SearchFilterHost.exe","""C:\Windows\system32\SearchFilterHost.exe"" 0 800 804 812 8192 808 784 ","NT AUTHORITY\SYSTEM","20221018145933.294500+000","4","192","2203435511808","4","Idle","S-1-5-18","00:00:00.3125000","C:\Windows\system32\SearchIndexer.exe","380","Microsoft Corporation","7.0.19041.1865","Microsoft Windows Search Filter Host","Windows? Search","7.0.19041.1865 (WinBuild.160101.0800)","3F09D87197A80251A55BF2D819BAE9AB7B1791AC31E96413E0C06FAA21A0A169"
"smartscreen.exe","10380","C:\Windows\System32\smartscreen.exe","C:\Windows\System32\smartscreen.exe -Embedding","w10-example\azureadmin","20221018145935.023845+000","10","421","2238103089152","8","Normal","S-1-5-21-854572065-3638439640-3444370625-500","00:00:00.1093750","C:\Windows\system32\svchost.exe","932","Microsoft Corporation","10.0.19041.1","Windows Defender SmartScreen","Microsoft? Windows? Operating System","10.0.19041.1 (WinBuild.160101.0800)","320213E0E9CA58BF5DE4B1B69DED1E06DF191D99866FAD26255A4D3FCAD2F124"
"svchost.exe","3968","C:\Windows\system32\svchost.exe","C:\Windows\system32\svchost.exe -k appmodel -p -s camsvc","NT AUTHORITY\SYSTEM","20221018150001.015207+000","3","142","2203392774144","8","Normal","S-1-5-18","00:00:00.0312500",,"796","Microsoft Corporation","10.0.19041.1","Host Process for Windows Services","Microsoft? Windows? Operating System","10.0.19041.1 (WinBuild.160101.0800)","ADD683A6910ABBBF0E28B557FAD0BA998166394932AE2ACA069D9AA19EA8FE88"
"cmd.exe","11744","C:\Windows\system32\cmd.exe","""C:\Windows\system32\cmd.exe"" ","w10-example\azureadmin","20221018150113.200388+000","3","76","2203379347456","8","Normal","S-1-5-21-854572065-3638439640-3444370625-500","00:00:00.0312500","C:\Windows\Explorer.EXE","7448","Microsoft Corporation","10.0.19041.1","Windows Command Processor","Microsoft? Windows? Operating System","10.0.19041.1 (WinBuild.160101.0800)","B99D61D874728EDC0918CA0EB10EAB93D381E7367E377406E65963366C874450"
"conhost.exe","6664","C:\Windows\system32\conhost.exe","\??\C:\Windows\system32\conhost.exe 0x4","w10-example\azureadmin","20221018150113.208959+000","8","268","2203484995584","8","Normal","S-1-5-21-854572065-3638439640-3444370625-500","00:00:00.1250000","C:\Windows\system32\cmd.exe","11744","Microsoft Corporation","10.0.19041.1","Console Window Host","Microsoft? Windows? Operating System","10.0.19041.1 (WinBuild.160101.0800)","3C1C6D813D2B031D988204155FC198FE4F32FF56C05DABBCFCD5486131F4FB9D"
"kape.exe","5924","C:\Users\azureadmin\Desktop\KAPE_Local_120_full\KAPE_Local_120\kape.exe","""C:\Users\azureadmin\Desktop\KAPE_Local_120_full\KAPE_Local_120\kape.exe"" --msource C: --mdest C:\KAPE\LiveResponse_%m --mflush --zm true --zip %m_LiveResponse --module CERT_LiveResponse_new --gui","w10-example\azureadmin","20221018150123.997909+000","17","506","4984135680","8","Normal","S-1-5-21-854572065-3638439640-3444370625-500","00:00:02.5156250",,"12096","Kroll Cyber","1.2.0.0","kape","kape","1.2.0.0","EF40B67F857175B15125934922C11E7E08CA68B958EB113CBCACC11AB291AA18"
"conhost.exe","9772","C:\Windows\system32\conhost.exe","\??\C:\Windows\system32\conhost.exe 0x4","w10-example\azureadmin","20221018150124.002944+000","6","189","2203471400960","8","Normal","S-1-5-21-854572065-3638439640-3444370625-500","00:00:00.0937500","C:\Users\azureadmin\Desktop\KAPE_Local_120_full\KAPE_Local_120\kape.exe","5924","Microsoft Corporation","10.0.19041.1","Console Window Host","Microsoft? Windows? Operating System","10.0.19041.1 (WinBuild.160101.0800)","3C1C6D813D2B031D988204155FC198FE4F32FF56C05DABBCFCD5486131F4FB9D"
"kape.exe","10832","C:\Users\azureadmin\Desktop\KAPE_Local_120_full\KAPE_Local_120\kape.exe","""C:\Users\azureadmin\Desktop\KAPE_Local_120_full\KAPE_Local_120\kape.exe"" --tsource C: --tdest C:\KAPE\TriageData_%m --tflush --target !CERT_Target_Compound --zip %m_TriageData","w10-example\azureadmin","20221018150124.010506+000","13","465","4979326976","8","Normal","S-1-5-21-854572065-3638439640-3444370625-500","00:00:07.9375000",,"12096","Kroll Cyber","1.2.0.0","kape","kape","1.2.0.0","EF40B67F857175B15125934922C11E7E08CA68B958EB113CBCACC11AB291AA18"
"conhost.exe","11568","C:\Windows\system32\conhost.exe","\??\C:\Windows\system32\conhost.exe 0x4","w10-example\azureadmin","20221018150124.015873+000","6","188","2203471400960","8","Normal","S-1-5-21-854572065-3638439640-3444370625-500","00:00:00.0468750","C:\Users\azureadmin\Desktop\KAPE_Local_120_full\KAPE_Local_120\kape.exe","10832","Microsoft Corporation","10.0.19041.1","Console Window Host","Microsoft? Windows? Operating System","10.0.19041.1 (WinBuild.160101.0800)","3C1C6D813D2B031D988204155FC198FE4F32FF56C05DABBCFCD5486131F4FB9D"
"kape.exe","3548","C:\Users\azureadmin\Desktop\KAPE_Local_120_full\KAPE_Local_120\kape.exe","""C:\Users\azureadmin\Desktop\KAPE_Local_120_full\KAPE_Local_120\kape.exe"" --tsource D: --tdest C:\KAPE\TriageDataD_%m --tflush --target !CERT_Target_D_drive --zip %m_TriageDataD --gui",,"20221018150124.023395+000","13","481","4983656448","8",,,,,"12096",,,,,,"EF40B67F857175B15125934922C11E7E08CA68B958EB113CBCACC11AB291AA18"
"conhost.exe","6548","C:\Windows\system32\conhost.exe","\??\C:\Windows\system32\conhost.exe 0x4",,"20221018150124.029061+000","6","188","2203471400960","8",,,,,"3548",,,,,,"3C1C6D813D2B031D988204155FC198FE4F32FF56C05DABBCFCD5486131F4FB9D"
"kape.exe","12152","C:\Users\azureadmin\Desktop\KAPE_Local_120_full\KAPE_Local_120\kape.exe","""C:\Users\azureadmin\Desktop\KAPE_Local_120_full\KAPE_Local_120\kape.exe"" --tsource E: --tdest C:\KAPE\TriageDataE_%m --tflush --target !CERT_Target_E_drive --zip %m_TriageDataE --gui",,"20221018150124.039873+000","11","452","4975276032","8",,,,,"12096",,,,,,"EF40B67F857175B15125934922C11E7E08CA68B958EB113CBCACC11AB291AA18"
"conhost.exe","11488","C:\Windows\system32\conhost.exe","\??\C:\Windows\system32\conhost.exe 0x4",,"20221018150124.051997+000","6","188","2203471400960","8",,,,,"12152",,,,,,"3C1C6D813D2B031D988204155FC198FE4F32FF56C05DABBCFCD5486131F4FB9D"
"kape.exe","5428","C:\Users\azureadmin\Desktop\KAPE_Local_120_full\KAPE_Local_120\kape.exe","""C:\Users\azureadmin\Desktop\KAPE_Local_120_full\KAPE_Local_120\kape.exe"" --tsource F: --tdest C:\KAPE\TriageDataF_%m --tflush --target !CERT_Target_F_drive --zip %m_TriageDataF --gui",,"20221018150124.067208+000","11","452","4975198208","8",,,,,"12096",,,,,,"EF40B67F857175B15125934922C11E7E08CA68B958EB113CBCACC11AB291AA18"
"conhost.exe","11524","C:\Windows\system32\conhost.exe","\??\C:\Windows\system32\conhost.exe 0x4",,"20221018150124.092570+000","7","190","2203471925248","8",,,,,"5428",,,,,,"3C1C6D813D2B031D988204155FC198FE4F32FF56C05DABBCFCD5486131F4FB9D"
"powershell.exe","11448","C:\Windows\System32\WindowsPowerShell\v1.0\powershell.exe","""C:\Windows\System32\WindowsPowerShell\v1.0\powershell.exe"" -Command ""Get-WMIObject Win32_Process | Select-Object Name,ProcessID,Path,commandline,@{Label='Owner'; Expression={(Get-Process -PID $_.ProcessID -IncludeUserName).UserName}},CreationDate,ThreadCount,HandleCount,VirtualSize,Priority,@{Label='PriorityClass'; Expression={(Get-Process -PID $_.ProcessID).PriorityClass}},@{Label='Security ID'; Expression={$_.getownersid().SID}},@{Label='TotalProcessorTime'; Expression={(Get-Process -PID $_.ProcessID).TotalProcessorTime}},@{Label='Parent Path'; Expression={(Get-Process -PID $_.ParentProcessId).Path}},ParentProcessId,@{Label='Company'; Expression={(Get-Process -PID $_.ProcessID).Company}},@{Label='ProductVersion'; Expression={(Get-Process -PID $_.ProcessID).ProductVersion}},@{Label='Description'; Expression={(Get-Process -PID $_.ProcessID).Description}},@{Label='Product'; Expression={(Get-Process -PID $_.ProcessID).Product}},@{Label='FileVersion'; Expression={(Get-Process -PID $_.ProcessID).FileVersion}},@{Label='File Path SHA-256'; Expression={[System.BitConverter]::ToString( (New-Object System.Security.Cryptography.SHA256CryptoServiceProvider).ComputeHash([System.IO.File]::ReadAllBytes($_.Path))) -replace '-'}}  | Export-Csv -NoTypeInformation -Path C:\KAPE\LiveResponse_w10-example\LiveResponse\PWSH-Get-ProcessList.csv ""","w10-example\azureadmin","20221018150129.073931+000","23","578","2204014624768","8","Normal","S-1-5-21-854572065-3638439640-3444370625-500","00:00:07.4531250","C:\Users\azureadmin\Desktop\KAPE_Local_120_full\KAPE_Local_120\kape.exe","5924","Microsoft Corporation","10.0.19041.1","Windows PowerShell","Microsoft? Windows? Operating System","10.0.19041.1 (WinBuild.160101.0800)","9F914D42706FE215501044ACD85A32D58AAEF1419D404FDDFA5D3B48F66CCD9F"
"WmiPrvSE.exe","8776","C:\Windows\system32\wbem\wmiprvse.exe","C:\Windows\system32\wbem\wmiprvse.exe","NT AUTHORITY\NETWORK SERVICE","20221018150129.587078+000","10","163","2203397390336","8","Normal","S-1-5-20","00:00:01.9843750","C:\Windows\system32\svchost.exe","932","Microsoft Corporation","10.0.19041.546","WMI Provider Host","Microsoft? Windows? Operating System","10.0.19041.546 (WinBuild.160101.0800)","2198A7B58BCCB758036B969DDAE6CC2ECE07565E2659A7C541A313A0492231A3"
